0,1,2,0
-0.8766469205525262,0.5227049200397469,-0.02403135652429536,-0.21641093555819144
-0.43660990772226166,1.8109862525831784,-0.3582504939281623,0.5581593631248689
0.6691214155195849,-0.5167694040974663,-1.7990786115133932,-0.5668110632467293
-0.23084379960469004,-0.3921798359953966,-0.1066183768630548,-1.2292351368054915
0.15499777672914075,1.4762832882311074,0.2451497845643322,0.9661142167280001
0.06307316933049915,0.8717734940891824,1.026450507742215,0.748943763179518
0.4929908309342992,-1.135529920862636,-0.4370446730909732,-0.1407116188142586
-0.23409540355372607,-0.6109518486863116,-1.6631973786467993,-0.6080825668129736
0.9546247282644112,-0.7125688750664804,-0.22640067772775985,-1.4652490673212817
-0.9714319615003199,0.2189615117771,-0.525466409282868,-1.0944068729949055
-0.41195394845457106,1.7628763304419464,0.39143538040023174,0.2432436616313678
0.305307185755117,1.6326044299335263,-0.1026646304309077,-0.1551165335895102
0.3242409682021826,1.6685059022472468,0.8615871953607721,0.1511043616428261
-0.11639895346986742,-0.8001907951798336,-1.1451770787654332,-1.6945166700810035
1.138746801878578,-0.652712118770873,0.07945662907599058,-0.5120266218343771
0.46076336692867453,-0.22235193192605293,0.3554932783166569,0.003035299873809661
0.5328225427358839,0.7712032986453085,0.5530372178303715,0.9543994972387968
0.44581681580096266,0.9475121331889219,1.1680481277547736,1.3355733490426371
0.21272859034416924,-0.6447149151898355,-0.5434529884514768,-0.26134900962311136
0.42772212878757687,-0.6344799240493947,-1.3137216760811832,-1.322508018668502
0.7466748764635583,-0.525214933073142,0.5702909262448836,-0.39139651186336005
0.61501242069634,-1.0674836949570652,0.13456394428982213,-0.47848201886272385
0.7568806693632115,1.1299906103504496,1.0995467701195956,1.2304633107439606
1.070270589767628,1.481136011919712,0.803082517805984,0.6073065044014919
0.5742014731727242,-0.9572183890192579,-0.8958850853402528,-0.7767636062007504
1.2256643408438823,-0.4823415283295611,0.3216785651275532,0.7174545853054569
0.20964157483347723,0.9461642036097858,0.553404801684966,1.995697197905146
0.11971734999317116,1.161720707253188,0.1901785787396797,2.070908252748501
-1.17490474583375,0.8558363827944064,1.0044488510725031,1.093805550691482
0.506048762475071,-0.4820237430037174,-0.604391443846084,0.6251338587251304
-0.11833297676393692,-0.709938433612366,-0.03462020109942474,0.5378161078576588
2.025001407172096,-0.20170710864805289,0.42711997487401543,-1.0997877093325834
-0.24275266809580248,1.695043339671375,0.9953423950099981,0.2612456074745372
0.4485550086001509,1.5391152948729507,0.4991652382170349,0.3450617211085922
-2.0278260449085783,0.6997751398714881,1.2768472655268779,-0.0866182626421942
0.02225567319527815,0.14611719999452438,-0.4406078424376547,-1.0691938516295294
0.2826585942314741,1.8633543799549073,0.2212427444457968,0.023833681800018224
-2.702373205062179,1.516808005424714,1.1386743818767866,0.054716915659911866
-0.09429476985767024,-0.27460458154461725,-1.0137312898617574,-1.2982176577631488
-0.3784272399064744,2.0237352587289315,-0.012215440651012884,1.2683043509813459
-0.15835197885743038,1.3425296300959475,0.3002208220956772,1.4969006679220371
-1.1052576419677895,1.337783523974843,1.1022423061201239,1.642618762012741
-0.21777539028534987,-0.21614345216097505,-0.589240917497765,1.0188040056715637
-1.3554949349221779,-1.0374077947179428,-0.025610406590385847,-0.6827202185296314
1.0918622353781913,0.562127430136654,-0.11557860923799163,0.8828038984407394
0.44122842193625134,1.2688001857654598,0.26911341162195995,1.280092473203016
-0.18548505960831527,1.4301072492809768,0.689450207640776,0.7565856711365163
-0.6634808813210769,-0.4641494997830965,-0.8491617982925165,-0.2005421266123712
0.07228313669205456,-0.967603560306717,-1.0982479655974795,-0.6891643543683841
0.3601360912808272,-0.17321053650367893,-0.41493617248955167,-1.5412943353038082
0.0951011189692187,-0.18043158782048105,0.42775108104554965,-0.13643761841614283
-1.4761565963408718,0.4907769456571616,0.13496250151823672,-1.220536838713936
-0.7867309906202534,0.503535317674934,0.8713322049388987,-0.2857995489608513
-1.5818359075550787,-1.722594452439877,-1.4158116211486211,-1.3226453144676906
0.9335661396385112,-1.8950556036887956,-2.0524207287647935,-1.6701557667723332
0.44865149147780087,-0.31022858237726875,-0.11464580867107896,-0.9108220328516003
-0.894645997836476,-0.9078966888186056,0.42393207352550993,-0.2049914614726542
-0.39155633302668935,0.5520209116883528,0.34972823479465465,0.26327666405365846
0.3916196330081009,0.5331877010392796,0.43207135757454274,-0.6092472036896399
-0.16371136259512728,0.6805302259285245,1.338272107082238,0.14361386539510615
-0.5464986664762921,0.34558567384732714,1.5164835227831839,0.42246371378640096
-2.162926521768528,-1.2693606626130796,-1.1555423609382416,-1.022463577043059
-0.9863182654012641,0.3520491792897899,-0.14262423721039927,-0.7219570993921
0.7211479518523758,0.485179671033193,0.36577712514346594,-1.51935969690964
-0.0056706627080501774,0.73647137083934,1.2902421604264027,-0.902974849844192
-1.904323595775548,0.6849086343445405,1.4887513657176623,-0.13876109721691243
0.1655628701188659,-1.1186505288224096,-2.016860643464975,-2.491837841085605
0.258867924843884,0.1005900219745784,-0.28780633852410287,-0.31067089100779244
-0.5285170521566228,0.13322622053130237,1.0696322689170243,-0.6068706787846383
-0.43866748148861606,0.4255323104587968,1.373656771316874,0.1975125705964596
-0.38330115323717234,0.8719081689112873,1.799413073775991,0.27663417830025205
1.1677257179539156,-1.155486307714482,-0.966999193872843,-2.043490398985148
-0.48361496867618414,-0.28795983473667414,0.286075778958972,-0.6178989192778992
0.21964392419926204,0.7088518094060189,1.6360656570355787,-0.275722572219111
0.30482127877401105,0.33519208538348666,1.408000654415316,0.04573756236904356
-0.7978623206267748,0.3649566977662529,1.8327014941696087,0.4054483957642401
-1.3221026911990414,0.39306740882492536,1.9280832884501535,0.119408051361764
-1.364632867556076,-1.4101041950540707,-0.4702634744333441,-1.8866213813549728
0.4517817278250872,-1.0996334693207923,0.6892226433270059,0.1463450711146781
0.3856058246839909,-0.6230622457924657,0.6526665793552652,0.9094256133388072
0.27757163273655355,-0.9138209042936049,0.1248574146294766,0.6170738226524216
0.8623106967623138,-0.4971523623565816,1.3949368999282534,0.6817229078010592
1.3951445920570327,-0.17914966662454732,1.3980604746942036,1.0065935948554197
-0.6540696532961883,-1.483213204883382,-0.0266334277645268,-0.7043394034804258
-0.2977775953955617,0.016118193204579526,-0.5118480703807694,-1.5014931523619364
-1.4378764689156127,1.3671851640848751,0.8487707069053834,-1.196871738331294
-0.39234565901216967,0.6893809607286032,1.144106941149198,-1.1734814524298203
-2.0045592644494046,0.4150146793956492,1.7306432802343723,-0.37310838451668726
-0.3331042989868747,-0.7066052317652728,-0.7492897172862343,-2.241086547538384
-1.5940722066264512,0.2423934541257201,-0.42346275395105754,-1.0800494322541137
0.23481836701083497,1.1970651692281156,0.7746025005783934,-1.5222763782583648
0.49385000877690166,0.8947538623084208,0.6637612039697094,-1.4717807960968543
-2.0117671029561963,0.8409471361242524,1.5446888999575898,-0.22329489343763476
-2.513663174157408,-0.020663095545654344,-0.5907300074360705,-1.8001087667092444
-0.1858709911189152,-0.18216198208081408,-0.015733499694080312,-0.43675672593422654
-0.749836112836548,-0.12896483667038344,-0.37971740998043846,-0.36883052081686274
-0.09283399289560329,0.8690442615649056,1.104076649720736,-0.3027456247293088
-0.6300340658345637,0.8936091263205299,1.1776991279337674,0.4177457308688314
-2.4108796589950217,0.6383383171323268,1.6400710731173251,0.3288862254425066
-0.5879780089577455,-0.6683565485991889,-0.23866575488133276,-0.6313079937434521
-1.1511887306184592,-0.5797941197775186,-0.30198750246363,-0.2460194284427188
0.10790147178685258,-0.4486130165501299,0.3784531796589156,-0.14539691225583098
0.37507260120407776,-0.12554598636186395,-0.14970454208212156,-0.12988233835899934
0.0006098923954450824,0.6687576972357209,1.2717798510742724,0.4134974362859316
-0.7610530113680442,0.5016457354121568,1.1884418685000715,0.49363004032920327
-1.5873480922302303,0.5634783131110119,1.5450102842308975,0.7174305139640408
-1.363425740150184,-0.9595063842974285,-0.13142002179011458,-0.34589558445717805
-1.161225132764591,-0.1396143368301752,-1.1316800759240793,-0.9445134412881869
-0.6244428612460425,-1.9660808086020691,-2.740213005099405,-0.4667656648997205
0.0930575155742888,1.1333524601311926,-0.4042389921459001,0.48016643387414576
-1.4339905227890863,-0.7871626305085683,-2.465291255236567,-0.32415574562224814
-0.2687310103336369,-0.4468470338773766,-1.1561946014646187,-0.8199780533494505
-0.631961977091135,-0.2880902271357076,-1.1634563894685712,-0.48496241030212806
-0.21771688935501007,1.0289351720716675,-0.01650859179796397,0.951328766734435
-1.7689943540835236,-0.5757210924274155,-1.1449404687109908,0.4651172392446935
-2.0254336188021447,-0.9179264189911455,-2.290411418977134,-1.2646728319087046
0.08899650323084984,1.5639757944902568,-0.43328368144697266,0.8560927332492609
0.755731606313552,1.3900846092750414,-0.08873556323273309,0.3095013661761255
-1.8376753194506632,-0.5897492767207131,-2.001682364215955,-0.194422508117155
-0.5388001186732172,-0.1553345212459251,0.2418387992788164,-0.5556810396122951
-0.007998912420752822,0.7894756595418003,0.6888805154180205,1.2604107340591688
-0.804623543822092,1.1167871616727827,0.8736137680639504,1.210538183592461
0.6858766931726537,0.7195628878561809,0.874055730639622,1.1169390013235865
-0.03917204995794006,-0.9582281548455216,-1.629323495184123,-0.9571864824839559
-0.8950755867577773,-1.433852298361163,-1.9081893774196512,-0.9701168790089395
-0.4734576355024096,-0.061230193960690994,0.3821628213326341,-0.4912729650548738
1.1128920101130284,0.4431475409184836,1.2410398668354863,0.8557711876762695
1.3873534905432707,0.44354152384104456,0.8658798018688869,0.8652876884931838
-0.3844205292475548,-1.8665471441286547,-2.0133563898324094,-0.6184773744145237
-0.8684956454004784,-0.6345314607960115,-1.0084285914318762,-0.1668511639413666
-0.18356413353745615,-1.443434736827392,0.12839509251062503,-0.28227800086478166
0.5753505362223835,0.25948563829166243,1.405430811586223,1.7499267218066523
0.1657650039304131,-1.093844519346942,-0.9600436349745796,0.573718662168406
1.0663016945607688,1.15644623872694,0.7071154972558749,0.00928196155983345
1.5780451313197756,0.9518285203052846,0.8423294765081698,0.4979435652755703
1.5172329776574465,0.13521592289209156,-0.5472058815527814,-0.7835654689188823
-0.993145847860847,-0.1395071285836313,-1.5949663513140149,-0.5483361601212903
-0.8246902360768574,0.11729767408266888,-0.8997129965212681,-1.4634078697328672
-1.0361628043472015,-1.1558841300508311,-1.877990811544032,-1.0970517487801392
0.6167696314770691,-0.5598743550264204,-1.4941276547730713,-1.131380676292936
0.5457377145436624,0.9939613611970504,0.027697800787546155,0.6336331224844206
0.9034700304233261,1.2673480013350011,0.3388828949275712,0.16956113696793929
1.6804868089563707,1.069953106267281,0.34068138708478624,0.6402117309403439
-0.37368517195609446,-1.061887011012141,-2.1209207603228046,-1.3351968102481606
-1.0813931915561144,-0.10230822974906374,0.3979209041428052,0.5859272899222228
0.2594411466463927,1.081960134540679,0.8165332973861018,1.585319459776508
0.26323715850687446,-0.7250378143525363,-1.1997190115073006,0.8586856030499534
1.0030434161768431,-0.22541903286368037,0.104972840156258,0.017844821208791085
-0.07537670407845712,1.0989474731762547,0.9338701461959316,1.41747831703907
0.1465129589593347,-0.9976865486943712,-1.3259032103732595,0.37711434667802446
-0.15220938117175137,-0.8390562949379475,-0.06767291127667775,0.617620331255685
0.38806722949933264,1.3578069528982193,0.3116975966935928,0.6957874062603573
0.8186703124511439,-0.7298415116804621,-1.7678368017868429,-1.4456881677972289
0.4928664073138004,-1.0834487158366854,0.9764777633174979,0.4037963885181599
0.0012870188354229184,-0.21021451125362117,-0.13851091159922027,-0.3519422459855095
0.709059214829174,1.8904503044154393,0.5032823999800172,1.3655579194896603
-0.201138424215282,0.9662812551616866,0.5124164905434765,0.7692186677241887
0.5582416335426341,-0.6124289893063928,-0.7334004712363158,-0.7544360254462422
0.31665200049996806,0.4347823442928352,-0.5403432427759784,-0.9696025398218282
-0.007423071173602102,1.4742569637695706,0.6977467147138752,0.7434602521695035
1.8093294325663891,-0.7985129713544448,-0.6056842743637313,-0.7274808778930024
0.8222371229054437,-0.39705485781792393,-1.6265211152518853,-1.84171715761392
1.1421555725061387,-0.472792610899097,0.49952512608807315,0.16161655418091184
0.3931703442362127,1.5780011730580938,0.664445507147579,1.3638729255905284
1.80318989089946,1.0366013000483643,0.9222754010500803,0.608554350853424
-1.9034714031186577,-0.30138345902811103,-0.5052428800138841,-0.5029793635865508
2.2529701463629968,-1.8094670223506304,0.7885138078145152,0.5026882941280468
0.7503228897017625,-0.8662449560084378,1.2647700177319756,0.665765688681519
0.6221368735486923,1.6491759305219011,0.8076706500826578,0.8985441783104795
0.11938599024594795,1.311461979741413,1.322740522988114,0.5294779140619187
-0.9339228239480467,-0.7676460042052179,-0.6190491430874121,-0.5099992799684373
1.8894303034247864,-0.6009349657829857,0.3423433347337519,-1.5283962196363718
0.9707797165203363,-0.5681471103816328,0.6766045928476206,1.384344264168237
0.6658593337919807,0.18217579293403371,0.06930763956103592,0.7063345171023492
0.5703609307533272,1.3652430113871536,0.6143866387468807,2.473709461872136
2.3169850076743765,-0.2994610940783742,0.7480013452562942,-0.18087806950326793
0.9051263925853352,1.8861150155696584,0.8318799410753825,0.7573758649244867
1.8096616654618267,1.580871577873963,0.30153171153473857,0.6223941834595046
-0.4806964707707993,-0.3738295054650544,-1.0211306110118472,-1.0847568653862478
1.0656704084020274,1.9128943360624355,0.04802502455496911,0.12515679289293846
0.27732060262502084,1.641697638481298,1.1224236850791691,-0.04531377242289812
-0.37518000169850846,0.08308908790996726,-1.2563853198700776,-1.379713338661243
2.2508348624055934,0.017917106234053622,0.872042224541821,0.8517854490210387
0.4798084757730287,1.778497723787534,0.24734289715837343,1.591063892240392
-0.5728638133729405,-0.054053148232690654,-1.1368989473330713,0.10493850057715416
0.5217300678248865,0.7818452676472851,-0.571833502531673,-0.45640859878409445
0.5308121189730871,2.283399833988303,0.6636689468868323,1.5238130219794264
-2.4213670421936984,-0.34354893493707533,-0.8757296596057541,-0.08904723929731863
1.2146081015837673,0.5101958145786771,0.05063346570159016,0.3649505926594404
0.7951760768822158,0.3671844437819026,0.2697094966283228,0.33116557345067993
-0.03049033726587091,0.8821989792214162,0.49570251921572406,0.5535492554780903
-1.1807500365525527,1.6286096675567956,0.06789537921857076,0.8860499634072682
-0.3166851833962065,0.23023166794271016,-2.0614660905578366,-1.2790664539558845
0.9504296876701191,0.323419556690683,0.5566716875047076,0.20107483194899847
-0.6012970118145112,0.4471378732023819,-0.5155898339058541,-1.2205314152326907
0.445828603301852,1.4233767569104818,0.7699578679424424,1.1679500370861629
-1.6800642084848871,1.356109341324846,0.6876794210243633,0.8655364256878177
-0.6158864453226863,1.0273822768641523,0.988359462090224,0.9101016911378416
-0.7194963952696495,-0.22553583964469448,-1.7772157667070863,-1.4200320554435624
-0.5178842897803105,0.9573177006641427,-0.3746565785537671,-0.5181309357112854
-1.4114685377564773,0.6815148878954046,-0.9337394735779024,-0.7431994638377624
-0.48899006908173354,2.180124623860969,1.0436584428145297,0.5206033156827689
-0.7470904982775406,-0.19920041445372327,-1.7920155456448368,-1.7666493049637115
0.25752982520588785,0.2249728524111364,0.2687513155956398,0.44140518488743735
-0.3682886794193014,0.24755657965211417,-0.1594377590454451,-0.5404490810943126
-0.25410621432279384,0.3220293935598778,-0.785186152587384,-1.1083183252711255
-0.10666946292096605,1.2314081348833998,0.6181876258254241,1.085730655766047
0.21801506620599487,2.041487231387378,0.6244204016280367,1.082512525442643
-3.052581602781573,0.7722470285166205,1.2642427126186528,0.9489905776694666
-0.6449173137167585,0.49207171412230927,-0.43538669775352,-0.4909644952722814
0.3646328045830655,-0.123497511436165,-0.06976536632579101,-0.4370296830588037
0.008633251334137969,0.7901744328512301,1.598818801579832,0.8753572358085613
0.03921177493757291,0.8157384312103203,1.7968951373959912,1.0400979303361855
-0.9352561212708655,-0.13288369678991907,-1.2798708095293274,-1.1327013311232257
1.3697608637529504,0.25518756222567385,0.054529243617596874,1.4948320184455193
-1.17568534033709,-0.13485818916531708,0.9095606890172288,1.0063760612515107
-0.28208886828592694,0.19090691522763784,-0.016836819576649394,0.323699594309958
1.1961628455624496,0.2300692312055224,1.0884843502363408,2.097286579638917
1.0256706155692423,1.3586932668042202,0.8242426364337853,2.220118771583932
-0.7329738745272611,0.05411805282324389,-0.8416644421518954,0.12615872533225475
1.0687587336350404,0.4429901249531726,0.701997455071444,-0.21176264065990688
1.219221380172578,0.7245086434942656,-0.4154063142050138,-1.011265797040194
-0.5076702019726244,1.3526119307034319,0.4138372518948163,0.5273837073587118
-1.082388143945998,1.420464413882466,1.1103076021672447,0.18826026018101408
0.644062498351121,0.7199509639882987,-1.4009260260742311,-1.7080297379420728
-0.16614133407476403,1.1372680715159844,-0.44406435729222177,-0.6729225882191405
-0.7357958895549962,1.8534486923816744,0.5141689962389495,0.4296442543662559
-0.5924358671644597,2.1136023498897414,0.1038302470776028,0.30184801690252827
-2.324367260801025,1.4868540804082435,0.7702978172960827,0.24184410629310288
-1.9799277533317063,1.1068448519988023,-0.46134281125386095,-0.3969767540046213
-1.0872070489392125,0.3211478050862314,-0.9660756758460967,-1.4426631282649995
-0.927017094723308,0.6520187391382816,0.2677149751899576,0.7489936889246775
-0.9835564976002968,0.9395217224168944,-0.22775654427071995,0.9062930700071049
-0.20921722806556556,1.5677771094799728,0.8053113220037642,1.7809864788369312
1.160554115098006,1.7327313207546389,-0.25987408588612,2.1459938988748486
-2.0756012225872724,1.213052488241659,0.7957687759930395,0.9511219315044886
-0.0851908900041191,0.4386713751206328,-1.1412445969278506,0.06566268952054323
-0.029552576084006056,0.3690128907635928,0.9443505602827411,0.6480958381967764
-0.7093469204298012,0.08823006297219933,1.1379136871821403,0.7636956321659225
-0.8089403885922408,1.2972508326141379,0.9589715082425949,1.497082540279404
0.195301861714514,1.6390165462991333,0.6013083921307829,1.5827482839007951
-0.8658569914976892,0.8686558900932657,1.0491782390205446,1.1885797710339308
-1.0901718236999407,0.2361609041895862,-1.417959487279339,-0.6938729762087363
-1.015086752757021,0.7774509108970725,-1.3784243909528087,0.41695538849233366
0.6220884138228138,1.3490826234136248,-0.16042483405639116,-0.1035772656125234
0.40809244721393184,1.1715773684657425,-0.7941772399363941,0.8890202480672019
-0.572556465201603,-0.3476743850523617,-1.7127235192257615,-0.6053052986499509
2.334833248604353,0.2657379759757811,0.33301933689606195,-0.23439386206987153
-1.3974099783624307,0.5845245027996269,1.0608188759083403,0.791064450179055
0.8898685641193227,0.7557407979626429,0.018987273479071892,0.7853348765678972
0.24246932823624537,-0.028484867450529073,-0.5155506672695404,-0.5016080400684653
0.8050059794757303,0.04532461389046409,-1.5871656076616327,-0.10492956979911953
1.32700497858259,-0.47115879266251026,-1.4927542177076536,-1.12067487290383
0.7045533334706883,-0.04331489854648993,0.35242875542453217,0.33924017119906014
-0.29047676660397603,0.9502576093869176,-0.08355666357833459,1.0141576424241336
0.13205318796094276,1.17045153420727,-0.2604148412107041,0.882783690401032
-0.8494225958132755,1.2176494479040727,0.8909035410414045,0.7613057342934677
0.7615847553662812,-0.7403572230367157,-1.4636790286317491,-0.5745719906140628
1.1780995918847688,0.5342255241201483,0.3253731522734382,0.3107074592518975
1.4172963622468944,1.0501455705346032,-0.2586212744829649,0.5241875681373424
1.5458063163873688,0.048798988029149566,-0.7678174780185166,0.2232635567247818
-0.014054631859136161,0.9950993043759312,1.233518167706878,1.4422248447231123
0.27236592308452534,-0.6888486813442325,-0.5950986739416704,0.7433972506339449
1.8328193023942476,0.38650112522875113,0.96917249892644,0.4603407124473833
-0.8096685942027391,-0.12383124509620534,0.6758001849663752,-0.3491721100717954
-0.5417242920419932,1.0231255483312662,-0.30706206826095545,0.09895647505818099
0.555279478226548,0.7288495437909673,-0.21940093204390915,0.1735898177075483
0.2902410133220834,-0.11971952826869944,-0.7084631165192231,-1.2870876341287143
0.45018037400056193,-0.6345373675864547,-1.0938200992183704,-1.8531996146614491
0.0010495225212076103,0.03189020970646841,-0.15947128985380082,-1.1572728215221555
1.1778249867714574,1.183930829998634,-0.4328885104513228,-0.3490859287259844
-1.2258773922722104,1.8837644083127905,1.141382326170802,0.044216610204006926
-0.673431278368127,1.1875803404739602,0.701309505181366,0.940823260680076
-0.8664738707108992,1.3570987287240803,0.9468811891156216,1.4569981104574423
0.5473329563306896,-0.11135964775444993,-1.5622842323449306,0.7108982651286225
0.7890426472527842,0.3203332586841153,-0.14792035261434636,1.059338658731124
-0.028285201451346057,1.2844809423550014,-0.11479309795637033,1.0640159283922244
-0.48045810130837,-1.390135256272533,-1.6638352217639387,-0.47622644501891215
0.3280330508957013,-0.39087502598649543,-0.26229493447356445,-0.7587000704130317
0.8644507830348934,0.027104528089394325,0.531183371404838,-0.331029748070365
1.7292905552311888,-0.1447274023075632,0.5219705213296617,0.26275809009352
-0.43544076226367967,-0.763284430141965,-1.4973288050532685,-2.2423615856908046
1.7356160774677063,0.2082728791306221,0.904856240829084,0.02815582488096637
1.2475829804605991,0.6045405482349492,0.4576369295093423,-0.5529315575038701
-0.5151880080953957,-0.8739423899744834,-0.8838484723385271,-1.7181624353815357
0.40127708882934504,-0.10553924412148973,1.0572378045199096,0.20170440153900043
0.9805362746638726,0.012345230808990694,0.5536902161151294,0.291739093627427
-0.1982408818670338,-0.5790706856179886,-0.7634238054863466,-1.1057700320286112
0.8430486105867739,0.5884997727678951,1.303269353071586,0.4642436872929301
0.8529815446695437,0.6173317029396813,0.5912178684109061,0.18588655845803048
1.2565331862284814,0.6517945764409623,0.7694642830770707,0.6013151178053012
-0.5662217749088381,-0.2290618981997579,-1.4522789326699963,-0.9227195905235978
1.2925457477419127,0.05835617496623409,0.6484949537086542,-0.6769986686989455
-0.5089855997570558,-0.2306209955372384,-0.9099844113746404,-2.037577708587708
0.9034237535679828,0.3737569295080424,1.0122192843896485,-0.05696712485034312
0.22333646799638163,0.561709229373276,1.0760587230258103,0.5587522313486376
0.03704680394089329,-0.19468659286679715,-1.4903023010265914,-2.2260915134271175
1.3611188793046196,0.2348050004433515,0.7529324579201319,0.4569542313225934
1.7202827216811807,-0.02420953252774677,0.9133376409471277,0.3495574155893804
0.3436117613303687,0.23700498454391833,1.0954440768056992,0.43200369159062246
-1.4356268025421728,0.572321959762559,1.3916541959023099,0.7963176489718163
0.7212854726960851,0.45883243226133547,0.8590952122053187,0.7426554967058614
-0.6020754234473163,-0.09988836537424908,-0.4140569359681903,-0.9716026156930156
-0.5356022133393439,-0.9762951071043516,-1.6913202548774826,-2.5898787059056083
-0.8757087227965542,-0.8244279807356217,0.22343380872421467,-1.044954308000499
0.7252168225297411,-0.2882548789193116,1.8283737466165793,0.8601854556441192
0.6568602317241128,0.7201724686299183,2.012937071945588,0.6177169137984043
1.4595624112691858,0.2606879654863741,1.4146362498372356,1.0407879754567824
-1.1241896781184275,-1.0344917599459,-0.05386262270471236,-1.0327482062516455
1.5676101370139404,-0.62939329145924,0.5953119422232198,0.09425632276388259
2.134251239720512,-0.5833096937795453,1.1577747237856515,0.22673384177894657
0.6104419263700164,-0.6880901017815655,0.2856514934655302,-0.5387489311654
-0.006389700262301304,-0.04072314656977839,1.2250493653219174,1.096282224263857
1.1081158893823015,0.15355562119963595,1.969151708860476,0.9233519244677533
0.6488242121363165,-0.43318256020561857,-0.5591695603103434,-0.6750527533459444
-0.7914433715313564,0.3718711866590533,0.23921007921552473,-1.1247695269495428
-0.4659297881751769,0.8204133605065845,1.4766031727943467,-0.4423088848438356
0.8252136851670612,0.6646359388644615,1.3339095973634831,-0.575073774070621
1.1291949969912312,-0.2733127664746912,-1.6849105661728745,-2.6689770595048845
1.451832430130406,0.6051843883932571,0.5127414504891442,-0.7289532416096249
-0.5925310403197886,0.6044377700812377,0.782714588205536,-0.4749982122525784
-0.11617018863779238,-0.15199039183651197,-0.5962851341265959,-2.0000815237485283
0.21393047886077723,1.1627783180820417,1.108695187052444,0.5813320411281702
1.0717667292323627,1.05960322805272,0.9558955301749461,-0.49475914908145535
0.3929699567210935,1.0968127591100851,1.0742805482651838,0.4135888182301967
-0.2853994097394098,-0.2750461141302458,-1.673598559622904,-2.8146765057354166
1.2893967387080247,-0.14125228982007232,0.5296499052413497,0.4777546934881836
1.4455379046554864,0.6811776101610983,0.9165133116017661,1.2651911241581877
0.13770027403516152,-0.012984563309027019,-0.393333522967293,-0.15772663965936495
0.7502032683964409,0.5259250068498529,0.2670099254164166,0.007726388267945178
-0.04104233343238561,0.7939524160186957,0.6756858108107551,1.1838082962465477
0.18832584405854633,0.6101124236600122,0.8219825273428932,0.6067097728760145
-0.048700716417615274,-0.29952503508492173,-1.738250883562198,-1.6196577700472548
0.5464318673738137,0.282637008094231,0.28099312645892505,-0.023451496641505677
-0.11052703173053674,-0.056122592264462944,-0.023603459838569537,-0.9849886589368432
0.164917177014593,0.9738165477300664,1.2490432161349667,1.222232695041957
0.5362444105866553,0.991055220299,1.138481816528235,0.4269237470206467
0.6781423462928036,-0.04347925499057174,-1.4452300747710825,-1.5682463624979757
-0.44399324902007287,-0.462954999085722,-1.8244773463646689,-1.6272401682990851
1.224803416704852,-0.2836199681283,0.11203172651374456,-0.6454717493389601
1.0972002269846444,-0.3953296319992287,-0.9048252134381458,-1.5160078740588336
0.3663005176718568,-0.28657572606607323,-0.010801818711457016,-0.7613653028264998
-0.43482300990225575,1.2921024740638518,1.0311355383718488,-0.6857757930042124
0.11514860196327557,-0.9049707601725706,-1.3447035746830782,-1.4446757970138724
-0.06266322950811891,-0.7092985805376072,-1.0360674494967468,-1.2670021056620375
0.8454253200253552,-0.2100909116635973,-0.03988799528388491,-0.2896644851434194
-0.49873789574312954,-0.12415789060771384,0.18671900917163956,-0.27563193321748214
0.37644038788135087,-0.30789288976626955,-0.9271015101610423,-0.2175443688441332
-0.6866049020472574,1.1893526729464399,1.164437693229082,0.031531459043266284
-0.203998857764434,0.9736614944809328,1.0761930356988283,-0.2810420414950304
0.9232241356174701,0.34737749872826945,1.395135053744864,0.1954315882721788
-0.9403557434148896,-0.9183800604971823,-0.9255154271499789,-0.5724874421651279
-0.09263316880637713,-1.4255518549257482,-1.1704282401720243,-0.8623861105607091
1.7937066281469138,-0.6030119409725729,-0.3125729134460958,-0.9618917610824448
-1.148582819773696,-0.7764807906711002,0.18575763282578392,-0.9361747274326015
-1.2458724863734258,1.1523941804829103,1.0611879042398487,-0.43421170163931183
0.22390925322478328,1.0504589257676145,0.8864056767318581,0.2822695467851269
-2.474388094342266,1.2487135541843415,1.104153467476602,0.43531959316496377
0.602727661899089,-0.8364171409679294,-1.3159386876641603,-1.4269991486040077
-1.9833304119217687,-1.2259931548489256,-1.2792991755507208,-1.5836571844556475
1.048142831153652,-0.4088324072826042,0.41175744193868474,-0.363570784128902
-0.4416977423653962,-0.5484922651819116,-0.4269361289296001,-0.2563243399852764
-0.21323938531348033,-0.8025065523730868,-0.5060085948578039,-0.9085091038362664
-0.423263837270861,-0.8854341984514742,-0.629415088298804,-0.7277970742790125
-1.3851907056812318,1.2949282826118749,0.9842851847156119,0.020112430723310808
0.26274339319184226,0.9707095759569475,1.1489082876903027,0.571567397470731
0.4843907576002416,0.6601393946395817,1.6254712476723396,0.6374895891209349
-1.1490071698057132,0.35073107900239164,1.4918558070844947,0.5059872566102804
0.23890382750426667,-1.2525466882770115,-0.6085700077178703,-1.0661514272396106
0.3006127043824016,-1.5186692313628054,-1.1294716838426853,-1.1008689137511931
-1.0724534635668004,-1.0714797863616456,0.9316057747141472,-0.6399094864094974
0.08376503570650785,-0.103915024419373,1.1236466123861764,0.19305684642950444
-1.7375758618981951,-0.15996618330219295,0.4280680963681924,-1.0291723490488625
-0.9947314850175198,0.23836384168537464,1.4166254603069484,0.3312221856795661
-0.06348529855162521,0.674135534594725,1.556554070125632,0.73382220593729
-0.394827582810541,0.7434762336259213,2.0160711606090733,0.2464632778400444
-0.8492863846918873,0.09994352376057104,1.5664916924122088,0.6088925383414685
-0.7891862833980969,-1.5392687938590344,-0.4143787938404861,-0.6865337430817674
0.34600593373323035,-1.2871974715492667,0.11946224599717364,-0.4715705721057374
0.1677697522298188,-0.007534367767093842,0.7312520434440314,0.3441404722395782
-1.3339770703357,-0.6761991419403759,0.16158203840106058,0.2611114320344211
-1.2654969290577867,-1.031308590576064,-0.5452535170843408,0.11405945873450156
0.6810852923481812,0.74704954650453,1.6455652002581864,1.1855509424942567
0.45734324537433135,-0.9606549596991072,-0.21787741145917047,-0.3136278027002728
-0.2542830268361343,-0.4499633088454436,0.06528955470635882,-1.5886717872207607
0.046377702330091405,-0.622194833615883,-0.8542176569298131,-1.6414032552462208
-0.07203647558569734,1.3686178561068711,1.4884550821907228,-0.5753776376088684
-1.49556362511994,0.4186830916003935,1.4679009808280623,0.02956994189490282
0.5298529656599785,-0.4971982876522774,-0.3235431236063726,-1.9169167525671105
0.5957363641493759,-0.5861244270954873,-0.32965667086373723,-1.3923106740023727
0.27415369405274537,-0.15863715545247475,-0.2208876539872744,-1.2010273136731835
0.5014114723103744,-0.06317072229104062,-0.1956416074497544,-1.6525586875188163
-1.040849863960098,1.368347325104573,0.9575181750278888,-0.8032817548953177
-0.3618902493069125,0.8383419461992829,1.2229186434745676,-0.0741238991504558
-0.6842862569649091,-0.8277063971013544,-0.8101810022216289,-1.4515965305538128
1.2997269552281765,-0.06128970487440615,0.0855562762030552,0.35214241019812814
-1.421831933908762,-0.04425378288743528,0.7372656139550133,0.260234611135058
-1.0455513305185256,-0.5151184561685941,-0.7664657317867526,0.2604719070130927
-0.5864945301421137,1.153803836022178,0.34489027313178405,-0.16585160891848644
0.028645808399633783,0.7405520770170192,0.8371112681377609,0.662806696749657
-0.4522929593685053,-1.1361538256031982,-1.2810077312601005,0.1052327058611296
0.3680773742874015,-1.3832249759679236,-1.33297764261753,-0.22629920487031116
1.2549554074057347,0.14430322464942016,0.03506600648411925,0.5054885935127947
-0.1090439894890121,0.3536289503938216,0.820519201189539,0.6448774106963179
-0.9180603403438204,0.8654857156624046,0.28712405775914573,-0.5369533874019863
0.4814220536725503,1.0800918167234976,1.1718663775164324,1.20141306495635
-0.44792328913140783,1.100526653601242,1.4367902633014111,1.1648020405476258
-0.719382012853612,-0.657064980318222,-0.5262532940015547,0.3672654533256288
1.3177269056603405,-0.36640836162198914,-0.051265263774412255,-0.0042134428400577165
-0.23499387306595967,-0.32732475362676017,-1.3738643904560264,-0.9564682055431794
1.8488175605457549,0.8509756849387038,-0.012717645017967684,0.7196429971349468
0.9107970536613327,0.9297876271060361,-0.24874370454807607,0.9992164716539996
-0.5001855754819861,-1.6678698110208368,-1.4885818106227124,-1.732931967829118
0.2244484222469449,-0.3723857382109772,0.058978350911321066,0.12997819342548128
1.0807291590752417,-0.3652764729033125,1.0176946096506831,0.918231266641308
1.4094096510036966,0.8692843725964214,0.48230118336996153,1.475462018031864
-0.5162244350254456,0.3719789855846416,0.6286317385497978,1.4166292821943045
1.0274675545937095,0.5518815114338933,1.329943868876938,1.6588791017278923
-0.4435767573219821,-1.2270327499669271,-1.5351936124686558,-1.171756116745537
-1.0279172291880387,-1.2756299823197224,-0.6635671638070756,-0.30825647602833955
1.7163841149055503,-0.026237333686894546,0.32078719263212235,-0.29871620104706353
2.1828070119025464,0.0745401901015356,-0.037432763409906145,-0.5482413606408981
0.5862570305637932,-0.3574197032650619,-0.7374446277152864,-0.5638196790159244
0.2520652271084007,1.0027491886789093,0.1800411391200467,0.7994665370415172
-0.26941512195932693,-1.3199080956655749,-1.2824360110883373,-1.3147384731665872
-0.35882462592746417,-1.2083683258547684,-1.64038146323689,-1.6096030815846039
0.7154087486415773,-0.38732179619539336,0.5387005003032113,0.7452204318634291
0.32155472772172894,-0.5792954389943521,-0.11884843137145952,-0.15715368229824916
-0.9388251145957005,0.8316161792611424,0.5119154228140931,1.390683645095271
-0.26301057980943987,0.4944855240369197,0.5476083763100164,1.7745564589082683
0.5154665391115648,-1.426395344601036,-0.9892457485792884,-1.2053059203156442
1.1364683216140747,-0.5404051307163765,0.5486385014689784,0.38031390343552096
0.46925298701365775,-0.21141624776928847,1.94896123680086,0.6812147350378288
-0.026445478164391446,-1.3019239861427103,-0.410336484397569,-0.48218350766530566
-0.5902617281115328,-0.3740514531159573,0.10548442178317669,-0.23402863146986563
0.8097502302966454,0.2379955533012416,0.9679031115587023,0.8448698417852891
1.1635913611604984,0.6963917303056277,0.926038618609325,1.877473924898692
2.096546298681244,-1.3867849985680352,0.9729104262997212,1.0922557723521569
2.016578582925486,0.07982263279488212,0.9065647965384637,3.161690390648354
0.7837596639838147,-0.13131116150418035,0.5614822929060297,2.3712133929450228
1.3076368048990459,-1.3486133251823547,0.059153961416099306,0.9010618623163784
1.128000966808549,-0.29937751299360305,0.24439324126081585,-0.45366164268063297
1.10319569919626,0.8119766917165736,0.9005889245069325,0.5726601175002034
-0.07369458404413436,0.8596917449166778,0.688003031212915,0.9930782795928755
1.030528812232088,0.6820565405790453,1.2061597749627455,1.0427181404258938
0.8445102606970549,-0.6489113944602012,-0.5167919702172851,-1.6106691671205648
0.5028080728787103,-0.867111629836215,-0.8506652856400595,-2.261906530521743
3.01476402235859,-0.30393681686694174,1.202788507926032,-0.2646849706486328
0.6941196488871744,1.3245422718383395,0.6802100072240386,0.44561558939588575
0.9371595811133389,1.2029501045466675,0.6717237763963166,0.6501841013588929
-0.7735726470348686,0.7593114527855523,1.4127817309197315,1.0220352117853666
0.1136869518529946,-0.9128135011835184,-0.6516227131684296,-1.7296450595911583
1.0553681326247244,-0.6216496368579765,-0.657824397197475,-2.2372423580289342
1.4396328032840227,-0.0008142122798744046,0.19779012551631317,1.1671797541608455
-0.6054527607391722,-0.4632091387445404,-0.5313863019140087,0.9202434524774672
-0.6118302352944245,0.9959401359955197,0.3003163854914897,1.4816866886158535
-0.022043938017482004,1.092807955189601,0.20352265646778403,2.765926928529878
-0.551562052969434,0.7893377359849518,0.8222216948318712,2.1571763742594063
-0.43496402333882106,-1.0296978088222055,-0.6810546170021523,0.3554532597625425
1.0550830497328445,-0.4337435576279608,-0.17756376575614338,0.27378261587359926
0.6853143857228203,1.0932822704621892,0.857301787557276,1.7397311714201584
0.9004781880679632,1.0853054453081807,0.5798778248008415,2.541531209254836
0.6107435990779627,1.0654453391405587,0.3909880424760455,2.680892686149343
0.18204048663987396,-1.5368509230259944,-1.0371050101598216,-0.4596245002795896
1.3012667521036128,-0.4849784672531631,-1.4025091727715686,-0.6637771129547951
0.2125714236656444,-1.7372401178391297,-1.7472335408492203,-0.6496031047509061
-0.7943068610992574,-0.9050686652241664,-0.6474448123352265,1.3397798902493767
0.9090092826931127,-0.12215519330794963,-0.34556334535641686,0.4117072417094993
-1.0639756309827066,-0.5912630394415421,0.28078634722074414,0.5720731928175251
-0.5858793972253319,-2.2675597010785578,-2.3366337330152844,-0.8524257015186045
-0.776910256082986,-1.0819983034433596,-0.9812499768636169,-0.7136440170574672
0.751206952268465,-0.3567830989250469,-0.8217257353143396,-0.20900691783333705
0.30919793419682073,-1.1888562773140114,-0.1882777588638716,0.563064864763841
0.40122862910346657,-0.20147881119742353,-0.2405764899987216,0.8988829601526329
0.9327750673566029,-0.8492474281593477,0.2546090071230915,0.593152555648783
-2.811795266095812,-2.5861939388466095,-2.0318945697424295,-0.34264833078243107
0.5058069004197856,-1.2899018217188016,-1.0791906264767315,-1.0544651624533774
0.33663967284136415,0.26784138405260166,-1.1077297962179327,-0.5918091513074234
-1.0331548087498792,-2.3776839639358127,-2.4077720898160644,-1.2952223359363717
-0.20195525436950407,0.2187426651911797,-0.662366969251496,0.8285485807739613
0.36708504134216,-0.16106233593868827,-0.5077219812768619,1.0317998554428056
0.9516534048920777,-0.07971121222958877,-0.21184617570593328,0.5131010809413954
-0.30407124772226735,-0.4266661889886893,0.10640032670618976,0.6023671245783043
-2.5343340849762805,-2.607691771884807,-1.8059331043876008,-0.9813249116201856
-1.3591390189934192,-2.1255148657854908,-2.4026324041578784,-1.0311480564015791
1.27693123823047,-1.7757836975180898,-1.1542224405584764,-0.24411333481502345
-1.6395422730201143,-1.0381880817354885,-0.5566782401934732,-0.12102245024404834
-0.4530259672941809,-2.2522427843215964,-1.5536378303394416,-0.22348508675252796
-1.3820853540580451,-0.34590146190083765,0.4117571459393171,0.7693740913237028
-0.8749735320003437,-0.6167852472582468,0.8909635460331936,0.5555584695437044
0.5142567922610306,-1.9318255218674265,-1.6095999917267487,-0.48529168247853693
-0.6477039662418254,-2.478516427797385,-1.6437360595892234,-1.0177636476315515
0.3794208793099316,-0.7622160394205526,0.1010921226880721,0.227438448575215
-0.7389889925736923,-2.382704828106127,-1.6162625822909888,-0.18785251779581277
-2.523238117472427,-2.7302973321412494,-1.3852567193943748,-0.2389475060762912
2.0169544732316247,-0.8822211997899002,0.34520892237093564,1.5644189975320717
0.0033817014008733744,-0.7900187113576126,0.7073465188422579,1.4368153307996732
1.9837696022093196,-0.7652162459564109,0.7392830982843143,0.7352144804377192
-1.0859711076422571,-0.9370839124355498,0.8260853627364864,0.5944541911475834
-2.8239285336779294,-2.5666794306813947,-1.288593555691694,-0.7933478689053292
1.0663331278964738,-2.219440881834221,-0.2533527699000227,0.057226130119756864
0.35019791830877334,-1.299096331722674,0.2141921164706648,0.7024117799826768
-2.661620758468903,-2.194526261249479,-1.3092380197412792,0.08226849756157464
0.7454123041460755,-0.7205804026143425,0.30788377804246614,2.0751855220942166
0.9046605680131519,-0.9445399063422297,0.5956049342371925,2.142179334203022
-1.0852747719415707,-0.8900759020514957,0.8398497122066086,1.0422557329290598
0.3332518577709399,-1.8684612395717712,-0.6723565927069632,1.3206526834892651
-0.5792308101496242,-2.836100316321307,-1.3928528682839083,0.8353120333577964
-0.3585635546114701,-1.3839672380219912,-1.6943440896965443,-1.234026225278473
1.1881578227362515,-0.44728088763542906,-0.4061007097680232,-0.5132692676878551
0.1030018005838408,-1.785518235838231,-1.6989433041895388,-0.5467991603953095
0.36500563887045506,0.08511245897628265,-0.4294600326568497,0.2780962894084936
-1.2804081176828304,-2.369251568339513,-2.1435398479932704,-1.6134174976679034
0.0933984799518663,-0.9374939913620685,-1.0641213697147662,-1.2122184071923217
-0.5079884644966371,-0.32153019220198886,-0.5491103178036288,-0.36181431914815776
-1.6760730479985704,-1.8770124262614996,-2.136364065565552,-1.497304850396918
-0.9417130523135944,-1.5289912738274027,-1.9702100065020092,-1.5323442539528103
0.5735007717309677,-0.19704325458386965,-0.1369429911093496,0.4302821449137844
1.1353166391197735,0.24758375088815288,-0.0940080460471752,-0.14576065697056423
-0.6310320742431963,-0.19896724390097836,0.723384190815039,0.5162146049416081
-1.7497361970749472,-2.3712542933273575,-2.258219948559696,-1.5213417564218972
-0.1564777662160217,-1.7541895791809883,-1.3300472015189166,0.04327634200350364
-1.660460284783556,-0.8090973491496003,-0.1905893008048684,0.6075124481002747
-2.214407340467552,-1.6518971851485211,-1.4142945888700191,0.080869685165946
0.9378685774631287,-0.46513445708949874,-0.19950210224114953,1.12376545544298
-0.28684097744076814,-0.4670305368217634,0.2486769411479612,1.164395205159987
-1.7377181850570815,-2.520621111065255,-1.6959450437158332,-0.1711303649379365
0.7870929072908621,-1.2149028604523107,-0.6303238300371224,-0.03900797250302472
-0.119147624047624,-0.6517132805069292,-0.3009950757841186,0.5169941003556158
-1.2814270816485995,-2.4112104727114474,-1.713730201234814,0.06392791846477901
-0.10103460092174364,-0.4874811743639435,0.2935273854373451,1.269983698516442
0.008078365644123897,-0.37457656678635703,0.5248187693238947,1.0270803866399631
-1.1073876870359085,-0.4711074035856544,0.6627110929334505,1.4718649869639464
-2.524835105555882,-2.097837639310468,-1.422851196507369,0.147632739291916
0.1716565715045594,-2.2209140907469127,-1.3247964095381284,-0.04421852638846231
